<?xml version="1.0" encoding="UTF-8" standalone="yes"?>
<Matches xmlns:ns2="http://example.com/reservation" xmlns:ns3="http://example.com/match">
    <Match>
        <ns3:idMatch>1</ns3:idMatch>
        <ns3:competition>UEFA </ns3:competition>
        <ns3:dateMatch>2024-12-12+01:00</ns3:dateMatch>
        <ns3:description>Demi Final</ns3:description>
        <ns3:lieu>Camp Nou</ns3:lieu>
        <ns3:nbMaxParticipants>1000</ns3:nbMaxParticipants>
        <ns3:titre>PSG vs FCB</ns3:titre>
    </Match>
    <Match>
        <ns3:idMatch>2</ns3:idMatch>
        <ns3:competition>UEFA Champions League</ns3:competition>
        <ns3:dateMatch>2024-12-10+01:00</ns3:dateMatch>
        <ns3:description>Demi Final</ns3:description>
        <ns3:lieu>Old Trafford</ns3:lieu>
        <ns3:nbMaxParticipants>1000</ns3:nbMaxParticipants>
        <ns3:titre>Man.City vs Man.United</ns3:titre>
    </Match>
    <Match>
        <ns3:idMatch>3</ns3:idMatch>
        <ns3:competition>Europa League</ns3:competition>
        <ns3:dateMatch>2024-12-11+01:00</ns3:dateMatch>
        <ns3:description>Demi Final</ns3:description>
        <ns3:lieu>San Siro</ns3:lieu>
        <ns3:nbMaxParticipants>1000</ns3:nbMaxParticipants>
        <ns3:titre>Inter Milan vs Milan</ns3:titre>
    </Match>
    <Match>
        <ns3:idMatch>4</ns3:idMatch>
        <ns3:competition>Europa League</ns3:competition>
        <ns3:dateMatch>2024-12-11+01:00</ns3:dateMatch>
        <ns3:description>Demi Final</ns3:description>
        <ns3:lieu>Standford Bridge</ns3:lieu>
        <ns3:nbMaxParticipants>1000</ns3:nbMaxParticipants>
        <ns3:titre>Chelsea vs Arsenal</ns3:titre>
    </Match>
</Matches>
