<?xml version="1.0" encoding="UTF-8" standalone="yes"?>
<Organisateurs xmlns:ns2="http://example.com/reservation" xmlns:ns3="http://example.com/match" xmlns:ns4="http://example.com/user" xmlns:ns5="http://example.com/participant" xmlns:ns6="http://example.com/personnel">
    <Organisateur>
        <ns4:id>1</ns4:id>
        <ns4:prenom>Aziz</ns4:prenom>
        <ns4:nom>Mabrouk</ns4:nom>
        <ns4:email>aziz@gmail.com</ns4:email>
        <ns4:login>Aziz Mabroukk</ns4:login>
        <ns2:numTel>27465856</ns2:numTel>
    </Organisateur>
    <Organisateur>
        <ns4:id>2</ns4:id>
        <ns4:prenom>Aziz</ns4:prenom>
        <ns4:nom>Mejri</ns4:nom>
        <ns4:email>azizmejri@gmail.com</ns4:email>
        <ns4:login>Aziz Mejri</ns4:login>
        <ns2:numTel>27654656</ns2:numTel>
    </Organisateur>
    <Organisateur>
        <ns4:id>2</ns4:id>
        <ns4:prenom>Aziz</ns4:prenom>
        <ns4:nom>Mejriii</ns4:nom>
        <ns4:email>azizmejri@gmail.com</ns4:email>
        <ns4:login>Aziz Mejri</ns4:login>
        <ns2:numTel>27654656</ns2:numTel>
    </Organisateur>
</Organisateurs>
