<?xml version="1.0" encoding="UTF-8" standalone="yes"?>
<Personnels xmlns:ns2="http://example.com/reservation" xmlns:ns3="http://example.com/personnel" xmlns:ns4="http://example.com/user" xmlns:ns5="http://example.com/participant" xmlns:ns6="http://example.com/match">
    <Personnel>
        <ns4:id>1</ns4:id>
        <ns4:prenom>Moemen</ns4:prenom>
        <ns4:nom>Zouari</ns4:nom>
        <ns4:email>moemenzouari@gmail.com</ns4:email>
        <ns4:login>Moemen Zouari</ns4:login>
        <ns4:motDePasse>1234</ns4:motDePasse>
        <ns4:role>personnel</ns4:role>
        <ns3:position>Ramasseur</ns3:position>
        <ns3:affectations>2024-12-12+01:00</ns3:affectations>
        <ns3:affectations>2024-12-11+01:00</ns3:affectations>
    </Personnel>
    <Personnel>
        <ns4:id>2</ns4:id>
        <ns4:prenom>Youssef</ns4:prenom>
        <ns4:nom>Rekik</ns4:nom>
        <ns4:email>yousef@gmail.com</ns4:email>
        <ns4:login>Youssef Rekik</ns4:login>
        <ns4:motDePasse>1234</ns4:motDePasse>
        <ns4:role>personnel</ns4:role>
        <ns3:position>Ramasseur</ns3:position>
    </Personnel>
    <Personnel>
        <ns4:id>3</ns4:id>
        <ns4:prenom>Noursallam</ns4:prenom>
        <ns4:nom>Zakhama</ns4:nom>
        <ns4:email>nour@gmail.com</ns4:email>
        <ns4:login>Noursallam Zakhama</ns4:login>
        <ns4:motDePasse>123452</ns4:motDePasse>
        <ns4:role>personnel</ns4:role>
        <ns3:position>Arbitre</ns3:position>
    </Personnel>
    <Personnel>
        <ns4:id>0</ns4:id>
        <ns4:prenom></ns4:prenom>
        <ns4:nom></ns4:nom>
        <ns4:email></ns4:email>
        <ns4:login></ns4:login>
        <ns4:motDePasse></ns4:motDePasse>
        <ns4:role>personnel</ns4:role>
        <ns3:position></ns3:position>
    </Personnel>
</Personnels>
