<project xmlns="http://maven.apache.org/POM/4.0.0" xmlns:xsi="http://www.w3.org/2001/XMLSchema-instance" xsi:schemaLocation="http://maven.apache.org/POM/4.0.0 https://maven.apache.org/xsd/maven-4.0.0.xsd">
    <modelVersion>4.0.0</modelVersion>
    <parent>
        <groupId>org.springframework.boot</groupId>
        <artifactId>spring-boot-starter-parent</artifactId>
        <version>3.4.0</version>
        <relativePath/>
        <!--  lookup parent from repository  -->
    </parent>
    <groupId>com.mycompany.app</groupId>
    <artifactId>event-organization</artifactId>
    <version>0.0.1-SNAPSHOT</version>
    <name>event-organization</name>
    <description>Demo project for Spring Boot</description>
    <licenses>
        <license>
            <!--  Define a license if needed  -->
        </license>
    </licenses>
    <developers>
        <developer>
            <!--  Define a developer if needed  -->
        </developer>
    </developers>
    <scm>
        <connection>scm:git:git://github.com/mycompany/event-organization.git</connection>
        <!--  Example connection URL  -->
        <developerConnection>scm:git:git://github.com/mycompany/event-organization.git</developerConnection>
        <!--  Example connection URL  -->
        <url>http://www.example.com/scm/event-organization</url>
        <!--  Replace with actual URL if available  -->
        <tag>HEAD</tag>
    </scm>
    <properties>
        <java.version>17</java.version>
        <maven.compiler.source>17</maven.compiler.source>
        <maven.compiler.target>17</maven.compiler.target>
    </properties>
    <dependencies>
        <dependency>
            <groupId>org.springframework.boot</groupId>
            <artifactId>spring-boot-starter-web</artifactId>
        </dependency>
        <dependency>
            <groupId>org.springframework.boot</groupId>
            <artifactId>spring-boot-starter-test</artifactId>
            <scope>test</scope>
        </dependency>
        <dependency>
            <groupId>org.springframework.boot</groupId>
            <artifactId>spring-boot-starter-data-jpa</artifactId>
        </dependency>
        <dependency>
            <groupId>org.springframework.boot</groupId>
            <artifactId>spring-boot-starter-security</artifactId>
        </dependency>
        <dependency>
            <groupId>com.h2database</groupId>
            <artifactId>h2</artifactId>
            <scope>runtime</scope>
        </dependency>
        <dependency>
            <groupId>jakarta.xml.bind</groupId>
            <artifactId>jakarta.xml.bind-api</artifactId>
        </dependency>
        <dependency>
            <groupId>org.glassfish.jaxb</groupId>
            <artifactId>jaxb-runtime</artifactId>
        </dependency>
        <dependency>
<<<<<<< HEAD
            <groupId>io.jsonwebtoken</groupId>
            <artifactId>jjwt</artifactId>
            <version>0.11.5</version>  <!-- Check for the latest version -->
        </dependency>


=======
            <groupId>org.slf4j</groupId>
            <artifactId>slf4j-api</artifactId>
        </dependency>
        <dependency>
            <groupId>ch.qos.logback</groupId>
            <artifactId>logback-classic</artifactId>
        </dependency>
>>>>>>> 2a46b0d (jdid f test)
    </dependencies>
    <build>
        <plugins>
            <plugin>
                <groupId>org.springframework.boot</groupId>
                <artifactId>spring-boot-maven-plugin</artifactId>
            </plugin>
        </plugins>
    </build>
</project>